Date Time, global CTA_Version, , , global CTA_Timer, , , IO A_VDR, , , global A_VIUInput_1, , , global A_VIUInput_5, , , global A_VIUInput_14, , , global A_VIUInput_15, , , global A_OSUTaco_R1, , , global A_OSUTaco_S1, , , global A_OSUTaco_T1, , , global A_OSUTaco_R2, , , global A_OSUTaco_S2, , , IO Tach1MovingDir, , , IO Tach2MovingDir, , , IO dopplerMovingDir, , , global A_CPUTemp, , , global A_CPUCTemp, , , Event Name, 
, Raw Value , Calc Value , Enum/Bitmap , Raw Value , Calc Value , Enum/Bitmap , Raw Value , Calc Value , Enum/Bitmap , Raw Value , Calc Value , Enum/Bitmap , Raw Value , Calc Value , Enum/Bitmap , Raw Value , Calc Value , Enum/Bitmap , Raw Value , Calc Value , Enum/Bitmap , Raw Value , Calc Value , Enum/Bitmap , Raw Value , Calc Value , Enum/Bitmap , Raw Value , Calc Value , Enum/Bitmap , Raw Value , Calc Value , Enum/Bitmap , Raw Value , Calc Value , Enum/Bitmap , Raw Value , Calc Value , Enum/Bitmap , Raw Value , Calc Value , Enum/Bitmap , Raw Value , Calc Value , Enum/Bitmap , Raw Value , Calc Value , Enum/Bitmap , Raw Value , Calc Value , Enum/Bitmap , 
16/10/2018 15:34:22, 12, 0,  , 37713, 0,  , 1, 1, TRUE, 1, 1,  , 0, 0,  , 1, 1,  , 0, 0,  , 7, 0,  , 7, 0,  , 1, 0,  , 7, 0,  , 7, 0,  , 0, 0,  , 0, 0,  , 0, 0,  , 45, 0,  , 0, 0,  , 
16/10/2018 15:34:22, 12, 0,  , 37721, 0,  , 1, 1, TRUE, 1, 1,  , 0, 0,  , 1, 1,  , 0, 0,  , 13, 0,  , 13, 0,  , 2, 0,  , 14, 0,  , 13, 0,  , 0, 0,  , 1, 0,  , 0, 0,  , 45, 0,  , 0, 0,  , 
16/10/2018 15:34:22, 12, 0,  , 37729, 0,  , 1, 1, TRUE, 1, 1,  , 0, 0,  , 1, 1,  , 0, 0,  , 21, 0,  , 22, 0,  , 1, 0,  , 21, 0,  , 22, 0,  , 0, 0,  , 1, 0,  , 0, 0,  , 45, 0,  , 0, 0,  , 
16/10/2018 15:34:23, 12, 0,  , 37737, 0,  , 1, 1, TRUE, 1, 1,  , 0, 0,  , 1, 1,  , 0, 0,  , 29, 0,  , 29, 0,  , 1, 0,  , 29, 0,  , 29, 0,  , 2, 0,  , 0, 0,  , 0, 0,  , 45, 0,  , 0, 0,  , 
16/10/2018 15:34:23, 12, 0,  , 37745, 0,  , 1, 1, TRUE, 1, 1,  , 0, 0,  , 1, 1,  , 0, 0,  , 37, 0,  , 37, 0,  , 1, 0,  , 37, 0,  , 37, 0,  , 2, 0,  , 0, 0,  , 0, 0,  , 45, 0,  , 0, 0,  , 
16/10/2018 15:34:23, 12, 0,  , 37753, 0,  , 1, 1, TRUE, 1, 1,  , 0, 0,  , 1, 1,  , 0, 0,  , 46, 0,  , 47, 0,  , 1, 0,  , 47, 0,  , 47, 0,  , 0, 0,  , 1, 0,  , 0, 0,  , 45, 0,  , 0, 0,  , 
16/10/2018 15:34:23, 12, 0,  , 37761, 0,  , 1, 1, TRUE, 1, 1,  , 0, 0,  , 1, 1,  , 0, 0,  , 57, 0,  , 57, 0,  , 1, 0,  , 56, 0,  , 57, 0,  , 2, 0,  , 0, 0,  , 0, 0,  , 45, 0,  , 0, 0,  , 
16/10/2018 15:34:24, 12, 0,  , 37769, 0,  , 1, 1, TRUE, 1, 1,  , 0, 0,  , 1, 1,  , 0, 0,  , 67, 0,  , 68, 0,  , 1, 0,  , 68, 0,  , 68, 0,  , 0, 0,  , 1, 0,  , 0, 0,  , 45, 0,  , 0, 0,  , 
16/10/2018 15:34:24, 12, 0,  , 37777, 0,  , 1, 1, TRUE, 1, 1,  , 0, 0,  , 1, 1,  , 0, 0,  , 79, 0,  , 80, 0,  , 4, 0,  , 80, 0,  , 80, 0,  , 0, 0,  , 1, 0,  , 1, 0,  , 45, 0,  , 0, 0,  , 
16/10/2018 15:34:24, 12, 0,  , 37785, 0,  , 1, 1, TRUE, 1, 1,  , 0, 0,  , 1, 1,  , 0, 0,  , 92, 0,  , 92, 0,  , 8, 0,  , 92, 0,  , 92, 0,  , 2, 0,  , 1, 0,  , 0, 0,  , 45, 0,  , 0, 0,  , 
16/10/2018 15:34:24, 12, 0,  , 37793, 0,  , 1, 1, TRUE, 1, 1,  , 0, 0,  , 1, 1,  , 0, 0,  , 105, 0,  , 105, 0,  , 14, 0,  , 106, 0,  , 105, 0,  , 2, 0,  , 1, 0,  , 0, 0,  , 45, 0,  , 0, 0,  , 
16/10/2018 15:34:25, 12, 0,  , 37801, 0,  , 1, 1, TRUE, 1, 1,  , 0, 0,  , 1, 1,  , 0, 0,  , 121, 0,  , 121, 0,  , 20, 0,  , 122, 0,  , 121, 0,  , 2, 0,  , 1, 0,  , 0, 0,  , 45, 0,  , 0, 0,  , 
16/10/2018 15:34:25, 12, 0,  , 37809, 0,  , 1, 1, TRUE, 1, 1,  , 0, 0,  , 1, 1,  , 0, 0,  , 140, 0,  , 140, 0,  , 23, 0,  , 139, 0,  , 140, 0,  , 2, 0,  , 1, 0,  , 0, 0,  , 45, 0,  , 0, 0,  , 
16/10/2018 15:34:25, 12, 0,  , 37817, 0,  , 1, 1, TRUE, 1, 1,  , 0, 0,  , 1, 1,  , 0, 0,  , 162, 0,  , 161, 0,  , 27, 0,  , 161, 0,  , 161, 0,  , 2, 0,  , 1, 0,  , 0, 0,  , 45, 0,  , 0, 0,  , 
16/10/2018 15:34:25, 12, 0,  , 37825, 0,  , 1, 1, TRUE, 1, 1,  , 0, 0,  , 1, 1,  , 0, 0,  , 185, 0,  , 185, 0,  , 32, 0,  , 184, 0,  , 184, 0,  , 2, 0,  , 1, 0,  , 1, 0,  , 45, 0,  , 0, 0,  , 
16/10/2018 15:34:26, 12, 0,  , 37833, 0,  , 1, 1, TRUE, 1, 1,  , 0, 0,  , 1, 1,  , 0, 0,  , 207, 0,  , 208, 0,  , 35, 0,  , 207, 0,  , 207, 0,  , 2, 0,  , 1, 0,  , 0, 0,  , 45, 0,  , 0, 0,  , 
16/10/2018 15:34:26, 12, 0,  , 37841, 0,  , 1, 1, TRUE, 1, 1,  , 0, 0,  , 1, 1,  , 0, 0,  , 229, 0,  , 228, 0,  , 40, 0,  , 228, 0,  , 228, 0,  , 2, 0,  , 1, 0,  , 0, 0,  , 45, 0,  , 0, 0,  , 
16/10/2018 15:34:26, 12, 0,  , 37849, 0,  , 1, 1, TRUE, 1, 1,  , 0, 0,  , 1, 1,  , 0, 0,  , 244, 0,  , 244, 0,  , 43, 0,  , 245, 0,  , 244, 0,  , 2, 0,  , 1, 0,  , 0, 0,  , 45, 0,  , 0, 0,  , 
16/10/2018 15:34:26, 12, 0,  , 37857, 0,  , 1, 1, TRUE, 1, 1,  , 0, 0,  , 1, 1,  , 0, 0,  , 254, 0,  , 255, 0,  , 45, 0,  , 255, 0,  , 255, 0,  , 2, 0,  , 1, 0,  , 0, 0,  , 45, 0,  , 0, 0,  , 
16/10/2018 15:34:27, 12, 0,  , 37865, 0,  , 1, 1, TRUE, 1, 1,  , 0, 0,  , 1, 1,  , 0, 0,  , 261, 0,  , 261, 0,  , 48, 0,  , 260, 0,  , 260, 0,  , 2, 0,  , 1, 0,  , 1, 0,  , 45, 0,  , 0, 0,  , 
16/10/2018 15:34:27, 12, 0,  , 37873, 0,  , 1, 1, TRUE, 1, 1,  , 0, 0,  , 1, 1,  , 0, 0,  , 262, 0,  , 262, 0,  , 48, 0,  , 261, 0,  , 261, 0,  , 2, 0,  , 1, 0,  , 0, 0,  , 45, 0,  , 0, 0,  , 
16/10/2018 15:34:27, 12, 0,  , 37881, 0,  , 1, 1, TRUE, 1, 1,  , 0, 0,  , 1, 1,  , 0, 0,  , 261, 0,  , 262, 0,  , 48, 0,  , 260, 0,  , 260, 0,  , 2, 0,  , 1, 0,  , 0, 0,  , 45, 0,  , 0, 0,  , 
16/10/2018 15:34:27, 12, 0,  , 37889, 0,  , 1, 1, TRUE, 1, 1,  , 0, 0,  , 1, 1,  , 0, 0,  , 261, 0,  , 261, 0,  , 48, 0,  , 260, 0,  , 260, 0,  , 2, 0,  , 1, 0,  , 0, 0,  , 45, 0,  , 0, 0,  , 
16/10/2018 15:34:28, 12, 0,  , 37897, 0,  , 1, 1, TRUE, 1, 1,  , 0, 0,  , 1, 1,  , 0, 0,  , 260, 0,  , 260, 0,  , 47, 0,  , 259, 0,  , 260, 0,  , 2, 0,  , 1, 0,  , 0, 0,  , 45, 0,  , 0, 0,  , 
16/10/2018 15:34:28, 12, 0,  , 37905, 0,  , 1, 1, TRUE, 1, 1,  , 0, 0,  , 1, 1,  , 0, 0,  , 259, 0,  , 260, 0,  , 48, 0,  , 259, 0,  , 259, 0,  , 2, 0,  , 1, 0,  , 1, 0,  , 45, 0,  , 0, 0,  , 
16/10/2018 15:34:28, 12, 0,  , 37913, 0,  , 1, 1, TRUE, 1, 1,  , 0, 0,  , 1, 1,  , 0, 0,  , 259, 0,  , 259, 0,  , 48, 0,  , 258, 0,  , 259, 0,  , 2, 0,  , 1, 0,  , 0, 0,  , 45, 0,  , 0, 0,  , 
16/10/2018 15:34:28, 12, 0,  , 37921, 0,  , 1, 1, TRUE, 1, 1,  , 0, 0,  , 1, 1,  , 0, 0,  , 259, 0,  , 259, 0,  , 49, 0,  , 258, 0,  , 258, 0,  , 2, 0,  , 1, 0,  , 1, 0,  , 45, 0,  , 0, 0,  , 
16/10/2018 15:34:29, 12, 0,  , 37929, 0,  , 1, 1, TRUE, 1, 1,  , 0, 0,  , 1, 1,  , 0, 0,  , 259, 0,  , 258, 0,  , 48, 0,  , 257, 0,  , 257, 0,  , 2, 0,  , 1, 0,  , 1, 0,  , 45, 0,  , 0, 0,  , 
16/10/2018 15:34:29, 12, 0,  , 37937, 0,  , 1, 1, TRUE, 1, 1,  , 0, 0,  , 1, 1,  , 0, 0,  , 257, 0,  , 257, 0,  , 48, 0,  , 257, 0,  , 257, 0,  , 2, 0,  , 1, 0,  , 0, 0,  , 45, 0,  , 0, 0,  , 
16/10/2018 15:34:29, 12, 0,  , 37945, 0,  , 1, 1, TRUE, 1, 1,  , 0, 0,  , 1, 1,  , 0, 0,  , 256, 0,  , 256, 0,  , 48, 0,  , 256, 0,  , 256, 0,  , 2, 0,  , 1, 0,  , 0, 0,  , 45, 0,  , 0, 0,  , 
16/10/2018 15:34:30, 12, 0,  , 37953, 0,  , 1, 1, TRUE, 1, 1,  , 0, 0,  , 1, 1,  , 0, 0,  , 254, 0,  , 255, 0,  , 48, 0,  , 254, 0,  , 254, 0,  , 2, 0,  , 1, 0,  , 1, 0,  , 45, 0,  , 0, 0,  , 
16/10/2018 15:34:30, 12, 0,  , 37961, 0,  , 1, 1, TRUE, 1, 1,  , 0, 0,  , 1, 1,  , 0, 0,  , 252, 0,  , 252, 0,  , 47, 0,  , 251, 0,  , 252, 0,  , 2, 0,  , 1, 0,  , 0, 0,  , 45, 0,  , 0, 0,  , 
16/10/2018 15:34:30, 12, 0,  , 37969, 0,  , 1, 1, TRUE, 1, 1,  , 0, 0,  , 1, 1,  , 0, 0,  , 250, 0,  , 250, 0,  , 47, 0,  , 248, 0,  , 248, 0,  , 2, 0,  , 1, 0,  , 0, 0,  , 45, 0,  , 0, 0,  , 
16/10/2018 15:34:30, 12, 0,  , 37977, 0,  , 1, 1, TRUE, 1, 1,  , 0, 0,  , 1, 1,  , 0, 0,  , 245, 0,  , 245, 0,  , 47, 0,  , 243, 0,  , 243, 0,  , 2, 0,  , 1, 0,  , 1, 0,  , 45, 0,  , 0, 0,  , 
16/10/2018 15:34:31, 12, 0,  , 37985, 0,  , 1, 1, TRUE, 1, 1,  , 0, 0,  , 1, 1,  , 0, 0,  , 237, 0,  , 236, 0,  , 44, 0,  , 236, 0,  , 235, 0,  , 2, 0,  , 1, 0,  , 0, 0,  , 45, 0,  , 0, 0,  , 
16/10/2018 15:34:31, 12, 0,  , 37993, 0,  , 1, 1, TRUE, 1, 1,  , 0, 0,  , 1, 1,  , 0, 0,  , 226, 0,  , 226, 0,  , 43, 0,  , 226, 0,  , 225, 0,  , 2, 0,  , 1, 0,  , 0, 0,  , 45, 0,  , 0, 0,  , 
16/10/2018 15:34:31, 12, 0,  , 38001, 0,  , 1, 1, TRUE, 1, 1,  , 0, 0,  , 1, 1,  , 0, 0,  , 213, 0,  , 212, 0,  , 40, 0,  , 212, 0,  , 212, 0,  , 2, 0,  , 1, 0,  , 0, 0,  , 45, 0,  , 0, 0,  , 
16/10/2018 15:34:31, 12, 0,  , 38009, 0,  , 1, 1, TRUE, 1, 1,  , 0, 0,  , 1, 1,  , 0, 0,  , 197, 0,  , 197, 0,  , 37, 0,  , 198, 0,  , 197, 0,  , 2, 0,  , 1, 0,  , 1, 0,  , 45, 0,  , 0, 0,  , 
16/10/2018 15:34:32, 12, 0,  , 38017, 0,  , 1, 1, TRUE, 1, 1,  , 0, 0,  , 1, 1,  , 0, 0,  , 181, 0,  , 182, 0,  , 35, 0,  , 181, 0,  , 180, 0,  , 2, 0,  , 1, 0,  , 1, 0,  , 45, 0,  , 0, 0,  , 
16/10/2018 15:34:32, 12, 0,  , 38025, 0,  , 1, 1, TRUE, 1, 1,  , 0, 0,  , 1, 1,  , 0, 0,  , 165, 0,  , 165, 0,  , 32, 0,  , 165, 0,  , 165, 0,  , 2, 0,  , 1, 0,  , 0, 0,  , 45, 0,  , 0, 0,  , 
16/10/2018 15:34:32, 12, 0,  , 38033, 0,  , 1, 1, TRUE, 1, 1,  , 0, 0,  , 1, 1,  , 0, 0,  , 150, 0,  , 150, 0,  , 29, 0,  , 149, 0,  , 149, 0,  , 2, 0,  , 1, 0,  , 0, 0,  , 45, 0,  , 0, 0,  , 
16/10/2018 15:34:32, 12, 0,  , 38041, 0,  , 1, 1, TRUE, 1, 1,  , 0, 0,  , 1, 1,  , 0, 0,  , 136, 0,  , 137, 0,  , 27, 0,  , 135, 0,  , 136, 0,  , 0, 0,  , 1, 0,  , 0, 0,  , 45, 0,  , 0, 0,  , 
16/10/2018 15:34:33, 12, 0,  , 38049, 0,  , 1, 1, TRUE, 1, 1,  , 0, 0,  , 1, 1,  , 0, 0,  , 125, 0,  , 126, 0,  , 25, 0,  , 125, 0,  , 125, 0,  , 2, 0,  , 1, 0,  , 0, 0,  , 45, 0,  , 0, 0,  , 
16/10/2018 15:34:33, 12, 0,  , 38057, 0,  , 1, 1, TRUE, 1, 1,  , 0, 0,  , 1, 1,  , 0, 0,  , 117, 0,  , 117, 0,  , 22, 0,  , 117, 0,  , 117, 0,  , 2, 0,  , 1, 0,  , 0, 0,  , 45, 0,  , 0, 0,  , 
16/10/2018 15:34:33, 12, 0,  , 38065, 0,  , 1, 1, TRUE, 1, 1,  , 0, 0,  , 1, 1,  , 0, 0,  , 111, 0,  , 111, 0,  , 21, 0,  , 111, 0,  , 112, 0,  , 2, 0,  , 1, 0,  , 0, 0,  , 45, 0,  , 0, 0,  , 
16/10/2018 15:34:33, 12, 0,  , 38073, 0,  , 1, 1, TRUE, 1, 1,  , 0, 0,  , 1, 1,  , 0, 0,  , 108, 0,  , 108, 0,  , 20, 0,  , 108, 0,  , 107, 0,  , 2, 0,  , 1, 0,  , 0, 0,  , 45, 0,  , 0, 0,  , 
16/10/2018 15:34:34, 12, 0,  , 38081, 0,  , 1, 1, TRUE, 1, 1,  , 0, 0,  , 1, 1,  , 0, 0,  , 105, 0,  , 105, 0,  , 20, 0,  , 105, 0,  , 106, 0,  , 2, 0,  , 1, 0,  , 0, 0,  , 45, 0,  , 0, 0,  , 
16/10/2018 15:34:34, 12, 0,  , 38089, 0,  , 1, 1, TRUE, 1, 1,  , 0, 0,  , 1, 1,  , 0, 0,  , 104, 0,  , 104, 0,  , 20, 0,  , 104, 0,  , 104, 0,  , 2, 0,  , 0, 0,  , 1, 0,  , 45, 0,  , 0, 0,  , 
16/10/2018 15:34:34, 12, 0,  , 38097, 0,  , 1, 1, TRUE, 1, 1,  , 0, 0,  , 1, 1,  , 0, 0,  , 103, 0,  , 103, 0,  , 19, 0,  , 104, 0,  , 103, 0,  , 2, 0,  , 1, 0,  , 0, 0,  , 45, 0,  , 0, 0,  , 
16/10/2018 15:34:34, 12, 0,  , 38105, 0,  , 1, 1, TRUE, 1, 1,  , 0, 0,  , 1, 1,  , 0, 0,  , 103, 0,  , 102, 0,  , 19, 0,  , 103, 0,  , 102, 0,  , 2, 0,  , 1, 0,  , 0, 0,  , 45, 0,  , 0, 0,  , 
16/10/2018 15:34:35, 12, 0,  , 38113, 0,  , 1, 1, TRUE, 1, 1,  , 0, 0,  , 1, 1,  , 0, 0,  , 102, 0,  , 102, 0,  , 18, 0,  , 101, 0,  , 102, 0,  , 2, 0,  , 0, 0,  , 0, 0,  , 45, 0,  , 0, 0,  , 
16/10/2018 15:34:35, 12, 0,  , 38121, 0,  , 1, 1, TRUE, 1, 1,  , 0, 0,  , 1, 1,  , 0, 0,  , 101, 0,  , 102, 0,  , 18, 0,  , 101, 0,  , 101, 0,  , 2, 0,  , 1, 0,  , 0, 0,  , 45, 0,  , 0, 0,  , 
16/10/2018 15:34:35, 12, 0,  , 38129, 0,  , 1, 1, TRUE, 1, 1,  , 0, 0,  , 1, 1,  , 0, 0,  , 100, 0,  , 101, 0,  , 18, 0,  , 100, 0,  , 100, 0,  , 0, 0,  , 1, 0,  , 1, 0,  , 45, 0,  , 0, 0,  , 
16/10/2018 15:34:35, 12, 0,  , 38137, 0,  , 1, 1, TRUE, 1, 1,  , 0, 0,  , 1, 1,  , 0, 0,  , 97, 0,  , 98, 0,  , 18, 0,  , 97, 0,  , 97, 0,  , 0, 0,  , 1, 0,  , 0, 0,  , 45, 0,  , 0, 0,  , 
16/10/2018 15:34:36, 12, 0,  , 38145, 0,  , 1, 1, TRUE, 1, 1,  , 0, 0,  , 1, 1,  , 0, 0,  , 92, 0,  , 92, 0,  , 17, 0,  , 91, 0,  , 91, 0,  , 2, 0,  , 0, 0,  , 0, 0,  , 45, 0,  , 0, 0,  , 
16/10/2018 15:34:36, 12, 0,  , 38153, 0,  , 1, 1, TRUE, 1, 1,  , 0, 0,  , 1, 1,  , 0, 0,  , 84, 0,  , 84, 0,  , 14, 0,  , 84, 0,  , 84, 0,  , 0, 0,  , 0, 0,  , 0, 0,  , 45, 0,  , 0, 0,  , 
16/10/2018 15:34:36, 12, 0,  , 38161, 0,  , 1, 1, TRUE, 1, 1,  , 0, 0,  , 1, 1,  , 0, 0,  , 74, 0,  , 75, 0,  , 9, 0,  , 74, 0,  , 74, 0,  , 0, 0,  , 0, 0,  , 0, 0,  , 45, 0,  , 0, 0,  , 
16/10/2018 15:34:36, 12, 0,  , 38169, 0,  , 1, 1, TRUE, 1, 1,  , 0, 0,  , 1, 1,  , 0, 0,  , 63, 0,  , 64, 0,  , 4, 0,  , 63, 0,  , 63, 0,  , 0, 0,  , 0, 0,  , 0, 0,  , 45, 0,  , 0, 0,  , 
16/10/2018 15:34:37, 12, 0,  , 38177, 0,  , 1, 1, TRUE, 1, 1,  , 0, 0,  , 1, 1,  , 0, 0,  , 51, 0,  , 51, 0,  , 1, 0,  , 51, 0,  , 51, 0,  , 0, 0,  , 0, 0,  , 0, 0,  , 45, 0,  , 0, 0,  , 
16/10/2018 15:34:37, 12, 0,  , 38185, 0,  , 1, 1, TRUE, 1, 1,  , 0, 0,  , 1, 1,  , 0, 0,  , 37, 0,  , 37, 0,  , 1, 0,  , 37, 0,  , 37, 0,  , 0, 0,  , 0, 0,  , 0, 0,  , 45, 0,  , 0, 0,  , 
16/10/2018 15:34:37, 12, 0,  , 38193, 0,  , 1, 1, TRUE, 1, 1,  , 0, 0,  , 1, 1,  , 0, 0,  , 22, 0,  , 22, 0,  , 1, 0,  , 22, 0,  , 24, 0,  , 0, 0,  , 0, 0,  , 0, 0,  , 45, 0,  , 0, 0,  , 
16/10/2018 15:34:38, 12, 0,  , 38201, 0,  , 1, 1, TRUE, 1, 1,  , 0, 0,  , 1, 1,  , 0, 0,  , 11, 0,  , 10, 0,  , 2, 0,  , 11, 0,  , 12, 0,  , 0, 0,  , 0, 0,  , 0, 0,  , 45, 0,  , 0, 0,  , 
16/10/2018 15:34:38, 12, 0,  , 38209, 0,  , 1, 1, TRUE, 1, 1,  , 0, 0,  , 1, 1,  , 0, 0,  , 3, 0,  , 3, 0,  , 1, 0,  , 3, 0,  , 5, 0,  , 0, 0,  , 0, 0,  , 0, 0,  , 45, 0,  , 0, 0,  , 
16/10/2018 15:34:38, 12, 0,  , 38217, 0,  , 1, 1, TRUE, 1, 1,  , 0, 0,  , 1, 1,  , 0, 0,  , 0, 0,  , 0, 0,  , 1, 0,  , 0, 0,  , 2, 0,  , 0, 0,  , 0, 0,  , 0, 0,  , 45, 0,  , 0, 0,  , 
16/10/2018 15:34:38, 12, 0,  , 38225, 0,  , 1, 1, TRUE, 1, 1,  , 0, 0,  , 1, 1,  , 0, 0,  , 0, 0,  , 0, 0,  , 2, 0,  , 0, 0,  , 0, 0,  , 0, 0,  , 0, 0,  , 0, 0,  , 45, 0,  , 0, 0,  , 
16/10/2018 15:34:38, 12, 0,  , 38233, 0,  , 1, 1, TRUE, 1, 1,  , 0, 0,  , 1, 1,  , 0, 0,  , 0, 0,  , 0, 0,  , 1, 0,  , 0, 0,  , 0, 0,  , 0, 0,  , 0, 0,  , 0, 0,  , 45, 0,  , 0, 0,  , 
16/10/2018 15:34:39, 12, 0,  , 38241, 0,  , 1, 1, TRUE, 1, 1,  , 0, 0,  , 1, 1,  , 0, 0,  , 0, 0,  , 0, 0,  , 1, 0,  , 0, 0,  , 0, 0,  , 0, 0,  , 0, 0,  , 0, 0,  , 45, 0,  , 0, 0,  , 
16/10/2018 15:34:39, 12, 0,  , 38249, 0,  , 1, 1, TRUE, 1, 1,  , 0, 0,  , 1, 1,  , 0, 0,  , 0, 0,  , 0, 0,  , 1, 0,  , 0, 0,  , 0, 0,  , 0, 0,  , 0, 0,  , 0, 0,  , 45, 0,  , 0, 0,  , 
16/10/2018 15:34:39, 12, 0,  , 38257, 0,  , 1, 1, TRUE, 1, 1,  , 0, 0,  , 1, 1,  , 0, 0,  , 0, 0,  , 0, 0,  , 1, 0,  , 0, 0,  , 0, 0,  , 0, 0,  , 0, 0,  , 0, 0,  , 45, 0,  , 0, 0,  , 
16/10/2018 15:34:39, 12, 0,  , 38265, 0,  , 1, 1, TRUE, 1, 1,  , 0, 0,  , 0, 0,  , 0, 0,  , 0, 0,  , 0, 0,  , 1, 0,  , 0, 0,  , 0, 0,  , 0, 0,  , 0, 0,  , 0, 0,  , 45, 0,  , 0, 0,  , 
16/10/2018 15:34:40, 12, 0,  , 38273, 0,  , 1, 1, TRUE, 1, 1,  , 0, 0,  , 0, 0,  , 0, 0,  , 0, 0,  , 0, 0,  , 1, 0,  , 0, 0,  , 0, 0,  , 0, 0,  , 0, 0,  , 0, 0,  , 45, 0,  , 0, 0,  , 
16/10/2018 15:34:40, 12, 0,  , 38281, 0,  , 1, 1, TRUE, 1, 1,  , 0, 0,  , 0, 0,  , 0, 0,  , 0, 0,  , 0, 0,  , 2, 0,  , 0, 0,  , 0, 0,  , 0, 0,  , 0, 0,  , 0, 0,  , 45, 0,  , 0, 0,  , 
16/10/2018 15:34:40, 12, 0,  , 38289, 0,  , 1, 1, TRUE, 1, 1,  , 0, 0,  , 0, 0,  , 0, 0,  , 0, 0,  , 0, 0,  , 1, 0,  , 0, 0,  , 0, 0,  , 0, 0,  , 0, 0,  , 0, 0,  , 45, 0,  , 0, 0,  , 
16/10/2018 15:34:41, 12, 0,  , 38297, 0,  , 1, 1, TRUE, 1, 1,  , 0, 0,  , 0, 0,  , 0, 0,  , 0, 0,  , 0, 0,  , 1, 0,  , 0, 0,  , 0, 0,  , 0, 0,  , 0, 0,  , 0, 0,  , 45, 0,  , 0, 0,  , 
16/10/2018 15:34:41, 12, 0,  , 38305, 0,  , 1, 1, TRUE, 1, 1,  , 0, 0,  , 0, 0,  , 0, 0,  , 0, 0,  , 0, 0,  , 2, 0,  , 0, 0,  , 0, 0,  , 0, 0,  , 0, 0,  , 0, 0,  , 45, 0,  , 0, 0,  , 
16/10/2018 15:34:41, 12, 0,  , 38313, 0,  , 1, 1, TRUE, 1, 1,  , 0, 0,  , 0, 0,  , 1, 1,  , 0, 0,  , 0, 0,  , 1, 0,  , 0, 0,  , 0, 0,  , 0, 0,  , 0, 0,  , 0, 0,  , 45, 0,  , 0, 0,  , 
16/10/2018 15:34:41, 12, 0,  , 38321, 0,  , 1, 1, TRUE, 1, 1,  , 0, 0,  , 0, 0,  , 1, 1,  , 0, 0,  , 0, 0,  , 1, 0,  , 0, 0,  , 0, 0,  , 0, 0,  , 0, 0,  , 0, 0,  , 45, 0,  , 0, 0,  , 
16/10/2018 15:34:42, 12, 0,  , 38329, 0,  , 1, 1, TRUE, 1, 1,  , 0, 0,  , 0, 0,  , 1, 1,  , 0, 0,  , 0, 0,  , 2, 0,  , 0, 0,  , 0, 0,  , 0, 0,  , 0, 0,  , 0, 0,  , 45, 0,  , 0, 0,  , 
16/10/2018 15:34:42, 12, 0,  , 38337, 0,  , 1, 1, TRUE, 1, 1,  , 0, 0,  , 0, 0,  , 1, 1,  , 0, 0,  , 0, 0,  , 1, 0,  , 0, 0,  , 0, 0,  , 0, 0,  , 0, 0,  , 0, 0,  , 45, 0,  , 0, 0,  , 
16/10/2018 15:34:42, 12, 0,  , 38345, 0,  , 1, 1, TRUE, 1, 1,  , 0, 0,  , 0, 0,  , 1, 1,  , 0, 0,  , 0, 0,  , 1, 0,  , 0, 0,  , 0, 0,  , 0, 0,  , 0, 0,  , 0, 0,  , 45, 0,  , 0, 0,  , 
16/10/2018 15:34:42, 12, 0,  , 38353, 0,  , 1, 1, TRUE, 1, 1,  , 0, 0,  , 0, 0,  , 1, 1,  , 0, 0,  , 0, 0,  , 1, 0,  , 0, 0,  , 0, 0,  , 0, 0,  , 0, 0,  , 0, 0,  , 45, 0,  , 0, 0,  , 
16/10/2018 15:34:43, 12, 0,  , 38361, 0,  , 1, 1, TRUE, 1, 1,  , 0, 0,  , 0, 0,  , 1, 1,  , 0, 0,  , 0, 0,  , 1, 0,  , 0, 0,  , 0, 0,  , 0, 0,  , 0, 0,  , 0, 0,  , 45, 0,  , 0, 0,  , 
16/10/2018 15:34:43, 12, 0,  , 38369, 0,  , 1, 1, TRUE, 1, 1,  , 0, 0,  , 0, 0,  , 1, 1,  , 0, 0,  , 0, 0,  , 1, 0,  , 0, 0,  , 0, 0,  , 0, 0,  , 0, 0,  , 0, 0,  , 45, 0,  , 0, 0,  , 
16/10/2018 15:34:43, 12, 0,  , 38377, 0,  , 1, 1, TRUE, 1, 1,  , 0, 0,  , 0, 0,  , 1, 1,  , 0, 0,  , 0, 0,  , 1, 0,  , 0, 0,  , 0, 0,  , 0, 0,  , 0, 0,  , 0, 0,  , 45, 0,  , 0, 0,  , 
16/10/2018 15:34:43, 12, 0,  , 38385, 0,  , 1, 1, TRUE, 1, 1,  , 0, 0,  , 0, 0,  , 1, 1,  , 0, 0,  , 0, 0,  , 2, 0,  , 0, 0,  , 0, 0,  , 0, 0,  , 0, 0,  , 0, 0,  , 45, 0,  , 0, 0,  , 
16/10/2018 15:34:44, 12, 0,  , 38393, 0,  , 1, 1, TRUE, 1, 1,  , 0, 0,  , 0, 0,  , 1, 1,  , 0, 0,  , 0, 0,  , 1, 0,  , 0, 0,  , 0, 0,  , 0, 0,  , 0, 0,  , 0, 0,  , 45, 0,  , 0, 0,  , 
16/10/2018 15:34:44, 12, 0,  , 38401, 0,  , 1, 1, TRUE, 1, 1,  , 0, 0,  , 0, 0,  , 1, 1,  , 0, 0,  , 0, 0,  , 1, 0,  , 0, 0,  , 0, 0,  , 0, 0,  , 0, 0,  , 0, 0,  , 45, 0,  , 0, 0,  , 
16/10/2018 15:34:44, 12, 0,  , 38409, 0,  , 1, 1, TRUE, 1, 1,  , 0, 0,  , 0, 0,  , 1, 1,  , 0, 0,  , 0, 0,  , 2, 0,  , 0, 0,  , 0, 0,  , 0, 0,  , 0, 0,  , 0, 0,  , 45, 0,  , 0, 0,  , 
16/10/2018 15:34:44, 12, 0,  , 38417, 0,  , 1, 1, TRUE, 1, 1,  , 0, 0,  , 0, 0,  , 1, 1,  , 0, 0,  , 0, 0,  , 1, 0,  , 0, 0,  , 0, 0,  , 0, 0,  , 0, 0,  , 0, 0,  , 45, 0,  , 0, 0,  , 
16/10/2018 15:34:45, 12, 0,  , 38425, 0,  , 1, 1, TRUE, 1, 1,  , 0, 0,  , 0, 0,  , 1, 1,  , 0, 0,  , 0, 0,  , 1, 0,  , 0, 0,  , 0, 0,  , 0, 0,  , 0, 0,  , 0, 0,  , 45, 0,  , 0, 0,  , 
16/10/2018 15:34:45, 12, 0,  , 38433, 0,  , 1, 1, TRUE, 1, 1,  , 0, 0,  , 0, 0,  , 1, 1,  , 0, 0,  , 0, 0,  , 1, 0,  , 0, 0,  , 0, 0,  , 0, 0,  , 0, 0,  , 0, 0,  , 45, 0,  , 0, 0,  , 
16/10/2018 15:34:45, 12, 0,  , 38441, 0,  , 1, 1, TRUE, 1, 1,  , 0, 0,  , 0, 0,  , 1, 1,  , 0, 0,  , 0, 0,  , 1, 0,  , 0, 0,  , 0, 0,  , 0, 0,  , 0, 0,  , 0, 0,  , 45, 0,  , 0, 0,  , 
16/10/2018 15:34:45, 12, 0,  , 38449, 0,  , 1, 1, TRUE, 1, 1,  , 0, 0,  , 0, 0,  , 1, 1,  , 0, 0,  , 0, 0,  , 1, 0,  , 0, 0,  , 0, 0,  , 0, 0,  , 0, 0,  , 0, 0,  , 45, 0,  , 0, 0,  , 
16/10/2018 15:34:46, 12, 0,  , 38457, 0,  , 1, 1, TRUE, 1, 1,  , 0, 0,  , 0, 0,  , 1, 1,  , 0, 0,  , 0, 0,  , 1, 0,  , 0, 0,  , 0, 0,  , 0, 0,  , 0, 0,  , 0, 0,  , 45, 0,  , 0, 0,  , 
16/10/2018 15:34:46, 12, 0,  , 38465, 0,  , 1, 1, TRUE, 1, 1,  , 0, 0,  , 0, 0,  , 1, 1,  , 0, 0,  , 0, 0,  , 1, 0,  , 0, 0,  , 0, 0,  , 0, 0,  , 0, 0,  , 0, 0,  , 45, 0,  , 0, 0,  , 
16/10/2018 15:34:46, 12, 0,  , 38473, 0,  , 1, 1, TRUE, 1, 1,  , 0, 0,  , 0, 0,  , 1, 1,  , 0, 0,  , 0, 0,  , 1, 0,  , 0, 0,  , 0, 0,  , 0, 0,  , 0, 0,  , 0, 0,  , 45, 0,  , 0, 0,  , 
16/10/2018 15:34:46, 12, 0,  , 38481, 0,  , 1, 1, TRUE, 1, 1,  , 0, 0,  , 0, 0,  , 1, 1,  , 0, 0,  , 0, 0,  , 1, 0,  , 0, 0,  , 0, 0,  , 0, 0,  , 0, 0,  , 0, 0,  , 45, 0,  , 0, 0,  , 
16/10/2018 15:34:47, 12, 0,  , 38489, 0,  , 1, 1, TRUE, 1, 1,  , 0, 0,  , 0, 0,  , 1, 1,  , 0, 0,  , 0, 0,  , 2, 0,  , 0, 0,  , 0, 0,  , 0, 0,  , 0, 0,  , 0, 0,  , 45, 0,  , 0, 0,  , 
16/10/2018 15:34:47, 12, 0,  , 38497, 0,  , 1, 1, TRUE, 1, 1,  , 0, 0,  , 0, 0,  , 1, 1,  , 0, 0,  , 0, 0,  , 1, 0,  , 0, 0,  , 0, 0,  , 0, 0,  , 0, 0,  , 0, 0,  , 45, 0,  , 0, 0,  , 
16/10/2018 15:34:47, 12, 0,  , 38505, 0,  , 1, 1, TRUE, 1, 1,  , 0, 0,  , 0, 0,  , 1, 1,  , 0, 0,  , 0, 0,  , 1, 0,  , 0, 0,  , 0, 0,  , 0, 0,  , 0, 0,  , 0, 0,  , 45, 0,  , 0, 0,  , 
16/10/2018 15:34:47, 12, 0,  , 38513, 0,  , 1, 1, TRUE, 1, 1,  , 0, 0,  , 0, 0,  , 1, 1,  , 0, 0,  , 0, 0,  , 2, 0,  , 0, 0,  , 0, 0,  , 0, 0,  , 0, 0,  , 0, 0,  , 45, 0,  , 0, 0,  , 
16/10/2018 15:34:48, 12, 0,  , 38521, 0,  , 1, 1, TRUE, 1, 1,  , 0, 0,  , 0, 0,  , 1, 1,  , 0, 0,  , 0, 0,  , 1, 0,  , 0, 0,  , 0, 0,  , 0, 0,  , 0, 0,  , 0, 0,  , 45, 0,  , 0, 0,  , 
16/10/2018 15:34:48, 12, 0,  , 38529, 0,  , 1, 1, TRUE, 1, 1,  , 0, 0,  , 0, 0,  , 1, 1,  , 0, 0,  , 0, 0,  , 1, 0,  , 0, 0,  , 0, 0,  , 0, 0,  , 0, 0,  , 0, 0,  , 45, 0,  , 0, 0,  , 
16/10/2018 15:34:48, 12, 0,  , 38537, 0,  , 1, 1, TRUE, 1, 1,  , 0, 0,  , 0, 0,  , 1, 1,  , 0, 0,  , 0, 0,  , 1, 0,  , 0, 0,  , 0, 0,  , 0, 0,  , 0, 0,  , 0, 0,  , 45, 0,  , 0, 0,  , 
16/10/2018 15:34:48, 12, 0,  , 38545, 0,  , 1, 1, TRUE, 1, 1,  , 0, 0,  , 0, 0,  , 1, 1,  , 0, 0,  , 0, 0,  , 1, 0,  , 0, 0,  , 0, 0,  , 0, 0,  , 0, 0,  , 0, 0,  , 45, 0,  , 0, 0,  , 
16/10/2018 15:34:49, 12, 0,  , 38553, 0,  , 1, 1, TRUE, 1, 1,  , 0, 0,  , 0, 0,  , 1, 1,  , 0, 0,  , 0, 0,  , 1, 0,  , 0, 0,  , 0, 0,  , 0, 0,  , 0, 0,  , 0, 0,  , 45, 0,  , 0, 0,  , 
16/10/2018 15:34:49, 12, 0,  , 38561, 0,  , 1, 1, TRUE, 1, 1,  , 0, 0,  , 0, 0,  , 1, 1,  , 0, 0,  , 0, 0,  , 1, 0,  , 0, 0,  , 0, 0,  , 0, 0,  , 0, 0,  , 0, 0,  , 45, 0,  , 0, 0,  , 
16/10/2018 15:34:49, 12, 0,  , 38569, 0,  , 1, 1, TRUE, 1, 1,  , 0, 0,  , 0, 0,  , 1, 1,  , 0, 0,  , 0, 0,  , 2, 0,  , 0, 0,  , 0, 0,  , 0, 0,  , 0, 0,  , 0, 0,  , 45, 0,  , 0, 0,  , 
16/10/2018 15:34:50, 12, 0,  , 38577, 0,  , 1, 1, TRUE, 1, 1,  , 0, 0,  , 0, 0,  , 1, 1,  , 0, 0,  , 0, 0,  , 1, 0,  , 0, 0,  , 0, 0,  , 0, 0,  , 0, 0,  , 0, 0,  , 45, 0,  , 0, 0,  , 
16/10/2018 15:34:50, 12, 0,  , 38585, 0,  , 1, 1, TRUE, 1, 1,  , 0, 0,  , 0, 0,  , 1, 1,  , 0, 0,  , 0, 0,  , 1, 0,  , 0, 0,  , 0, 0,  , 0, 0,  , 0, 0,  , 0, 0,  , 45, 0,  , 0, 0,  , 
16/10/2018 15:34:50, 12, 0,  , 38593, 0,  , 1, 1, TRUE, 1, 1,  , 0, 0,  , 0, 0,  , 1, 1,  , 0, 0,  , 0, 0,  , 2, 0,  , 0, 0,  , 0, 0,  , 0, 0,  , 0, 0,  , 0, 0,  , 45, 0,  , 0, 0,  , 
16/10/2018 15:34:50, 12, 0,  , 38601, 0,  , 1, 1, TRUE, 1, 1,  , 0, 0,  , 0, 0,  , 1, 1,  , 0, 0,  , 0, 0,  , 1, 0,  , 0, 0,  , 0, 0,  , 0, 0,  , 0, 0,  , 0, 0,  , 45, 0,  , 0, 0,  , 
16/10/2018 15:34:51, 12, 0,  , 38609, 0,  , 1, 1, TRUE, 1, 1,  , 0, 0,  , 0, 0,  , 1, 1,  , 0, 0,  , 0, 0,  , 1, 0,  , 0, 0,  , 0, 0,  , 0, 0,  , 0, 0,  , 0, 0,  , 45, 0,  , 0, 0,  , 
16/10/2018 15:34:51, 12, 0,  , 38617, 0,  , 1, 1, TRUE, 1, 1,  , 0, 0,  , 0, 0,  , 1, 1,  , 0, 0,  , 0, 0,  , 1, 0,  , 0, 0,  , 0, 0,  , 0, 0,  , 0, 0,  , 0, 0,  , 45, 0,  , 0, 0,  , 
16/10/2018 15:34:51, 12, 0,  , 38625, 0,  , 1, 1, TRUE, 1, 1,  , 0, 0,  , 0, 0,  , 1, 1,  , 0, 0,  , 0, 0,  , 1, 0,  , 0, 0,  , 0, 0,  , 0, 0,  , 0, 0,  , 0, 0,  , 45, 0,  , 0, 0,  , 
16/10/2018 15:34:51, 12, 0,  , 38633, 0,  , 1, 1, TRUE, 1, 1,  , 0, 0,  , 0, 0,  , 1, 1,  , 0, 0,  , 0, 0,  , 1, 0,  , 0, 0,  , 0, 0,  , 0, 0,  , 0, 0,  , 0, 0,  , 45, 0,  , 0, 0,  , 
16/10/2018 15:34:52, 12, 0,  , 38641, 0,  , 1, 1, TRUE, 1, 1,  , 0, 0,  , 0, 0,  , 1, 1,  , 0, 0,  , 0, 0,  , 1, 0,  , 0, 0,  , 0, 0,  , 0, 0,  , 0, 0,  , 0, 0,  , 45, 0,  , 0, 0,  , 
16/10/2018 15:34:52, 12, 0,  , 38649, 0,  , 1, 1, TRUE, 1, 1,  , 0, 0,  , 0, 0,  , 1, 1,  , 0, 0,  , 0, 0,  , 1, 0,  , 0, 0,  , 0, 0,  , 0, 0,  , 0, 0,  , 0, 0,  , 45, 0,  , 0, 0,  , 
16/10/2018 15:34:52, 12, 0,  , 38657, 0,  , 1, 1, TRUE, 1, 1,  , 0, 0,  , 0, 0,  , 1, 1,  , 0, 0,  , 0, 0,  , 1, 0,  , 0, 0,  , 0, 0,  , 0, 0,  , 0, 0,  , 0, 0,  , 45, 0,  , 0, 0,  , 
16/10/2018 15:34:52, 12, 0,  , 38665, 0,  , 1, 1, TRUE, 1, 1,  , 0, 0,  , 0, 0,  , 1, 1,  , 0, 0,  , 0, 0,  , 1, 0,  , 0, 0,  , 0, 0,  , 0, 0,  , 0, 0,  , 0, 0,  , 45, 0,  , 0, 0,  , 
16/10/2018 15:34:53, 12, 0,  , 38673, 0,  , 1, 1, TRUE, 1, 1,  , 0, 0,  , 0, 0,  , 1, 1,  , 0, 0,  , 0, 0,  , 2, 0,  , 0, 0,  , 0, 0,  , 0, 0,  , 0, 0,  , 0, 0,  , 45, 0,  , 0, 0,  , 
16/10/2018 15:34:53, 12, 0,  , 38681, 0,  , 1, 1, TRUE, 1, 1,  , 0, 0,  , 0, 0,  , 1, 1,  , 0, 0,  , 0, 0,  , 1, 0,  , 0, 0,  , 0, 0,  , 0, 0,  , 0, 0,  , 0, 0,  , 45, 0,  , 0, 0,  , 
16/10/2018 15:34:53, 12, 0,  , 38689, 0,  , 1, 1, TRUE, 1, 1,  , 0, 0,  , 0, 0,  , 1, 1,  , 0, 0,  , 0, 0,  , 1, 0,  , 1, 0,  , 0, 0,  , 0, 0,  , 0, 0,  , 0, 0,  , 45, 0,  , 0, 0,  , 
16/10/2018 15:34:53, 12, 0,  , 38697, 0,  , 1, 1, TRUE, 1, 1,  , 0, 0,  , 0, 0,  , 1, 1,  , 0, 0,  , 0, 0,  , 2, 0,  , 1, 0,  , 0, 0,  , 0, 0,  , 0, 0,  , 0, 0,  , 45, 0,  , 0, 0,  , 
16/10/2018 15:34:54, 12, 0,  , 38705, 0,  , 1, 1, TRUE, 1, 1,  , 0, 0,  , 0, 0,  , 1, 1,  , 1, 0,  , 0, 0,  , 1, 0,  , 1, 0,  , 0, 0,  , 0, 0,  , 0, 0,  , 0, 0,  , 45, 0,  , 0, 0,  , 
16/10/2018 15:34:54, 12, 0,  , 38713, 0,  , 1, 1, TRUE, 1, 1,  , 0, 0,  , 0, 0,  , 1, 1,  , 2, 0,  , 1, 0,  , 1, 0,  , 2, 0,  , 1, 0,  , 0, 0,  , 0, 0,  , 0, 0,  , 45, 0,  , 0, 0,  , 
16/10/2018 15:34:54, 12, 0,  , 38721, 0,  , 1, 1, TRUE, 1, 1,  , 0, 0,  , 0, 0,  , 1, 1,  , 5, 0,  , 5, 0,  , 1, 0,  , 4, 0,  , 5, 0,  , 0, 0,  , 0, 0,  , 0, 0,  , 45, 0,  , 0, 0,  , 
16/10/2018 15:34:54, 12, 0,  , 38729, 0,  , 1, 1, TRUE, 1, 1,  , 0, 0,  , 0, 0,  , 1, 1,  , 11, 0,  , 10, 0,  , 1, 0,  , 10, 0,  , 10, 0,  , 1, 0,  , 0, 0,  , 0, 0,  , 45, 0,  , 0, 0,  , 
16/10/2018 15:34:55, 12, 0,  , 38737, 0,  , 1, 1, TRUE, 1, 1,  , 0, 0,  , 0, 0,  , 1, 1,  , 17, 0,  , 18, 0,  , 1, 0,  , 17, 0,  , 17, 0,  , 0, 0,  , 0, 0,  , 0, 0,  , 45, 0,  , 0, 0,  , 
16/10/2018 15:34:55, 12, 0,  , 38745, 0,  , 1, 1, TRUE, 1, 1,  , 0, 0,  , 0, 0,  , 1, 1,  , 25, 0,  , 25, 0,  , 1, 0,  , 25, 0,  , 26, 0,  , 0, 0,  , 0, 0,  , 0, 0,  , 45, 0,  , 0, 0,  , 
16/10/2018 15:34:55, 12, 0,  , 38753, 0,  , 1, 1, TRUE, 1, 1,  , 0, 0,  , 0, 0,  , 1, 1,  , 34, 0,  , 34, 0,  , 2, 0,  , 34, 0,  , 34, 0,  , 0, 0,  , 0, 0,  , 0, 0,  , 45, 0,  , 0, 0,  , 
16/10/2018 15:34:55, 12, 0,  , 38761, 0,  , 1, 1, TRUE, 1, 1,  , 0, 0,  , 0, 0,  , 1, 1,  , 48, 0,  , 48, 0,  , 1, 0,  , 48, 0,  , 47, 0,  , 0, 0,  , 2, 0,  , 0, 0,  , 45, 0,  , 0, 0,  , 
16/10/2018 15:34:56, 12, 0,  , 38769, 0,  , 1, 1, TRUE, 1, 1,  , 0, 0,  , 0, 0,  , 1, 1,  , 68, 0,  , 69, 0,  , 1, 0,  , 68, 0,  , 68, 0,  , 1, 0,  , 2, 0,  , 0, 0,  , 45, 0,  , 0, 0,  , 
16/10/2018 15:34:56, 12, 0,  , 38777, 0,  , 1, 1, TRUE, 1, 1,  , 0, 0,  , 0, 0,  , 1, 1,  , 93, 0,  , 93, 0,  , 4, 0,  , 92, 0,  , 92, 0,  , 1, 0,  , 2, 0,  , 1, 0,  , 45, 0,  , 0, 0,  , 
16/10/2018 15:34:56, 12, 0,  , 38785, 0,  , 1, 1, TRUE, 1, 1,  , 0, 0,  , 0, 0,  , 1, 1,  , 115, 0,  , 115, 0,  , 9, 0,  , 114, 0,  , 114, 0,  , 1, 0,  , 2, 0,  , 0, 0,  , 45, 0,  , 0, 0,  , 
16/10/2018 15:34:56, 12, 0,  , 38793, 0,  , 1, 1, TRUE, 1, 1,  , 0, 0,  , 0, 0,  , 1, 1,  , 132, 0,  , 133, 0,  , 15, 0,  , 132, 0,  , 131, 0,  , 1, 0,  , 2, 0,  , 0, 0,  , 45, 0,  , 0, 0,  , 
16/10/2018 15:34:57, 12, 0,  , 38801, 0,  , 1, 1, TRUE, 1, 1,  , 0, 0,  , 0, 0,  , 1, 1,  , 142, 0,  , 142, 0,  , 22, 0,  , 141, 0,  , 141, 0,  , 1, 0,  , 2, 0,  , 0, 0,  , 45, 0,  , 0, 0,  , 
16/10/2018 15:34:57, 12, 0,  , 38809, 0,  , 1, 1, TRUE, 1, 1,  , 0, 0,  , 0, 0,  , 1, 1,  , 146, 0,  , 146, 0,  , 26, 0,  , 145, 0,  , 145, 0,  , 1, 0,  , 2, 0,  , 1, 0,  , 45, 0,  , 0, 0,  , 
16/10/2018 15:34:57, 12, 0,  , 38817, 0,  , 1, 1, TRUE, 1, 1,  , 0, 0,  , 0, 0,  , 1, 1,  , 148, 0,  , 147, 0,  , 25, 0,  , 148, 0,  , 148, 0,  , 1, 0,  , 2, 0,  , 0, 0,  , 45, 0,  , 0, 0,  , 
16/10/2018 15:34:57, 12, 0,  , 38825, 0,  , 1, 1, TRUE, 1, 1,  , 0, 0,  , 0, 0,  , 1, 1,  , 148, 0,  , 148, 0,  , 26, 0,  , 147, 0,  , 148, 0,  , 1, 0,  , 2, 0,  , 0, 0,  , 45, 0,  , 0, 0,  , 
16/10/2018 15:34:58, 12, 0,  , 38833, 0,  , 1, 1, TRUE, 1, 1,  , 0, 0,  , 0, 0,  , 1, 1,  , 147, 0,  , 147, 0,  , 26, 0,  , 147, 0,  , 147, 0,  , 1, 0,  , 2, 0,  , 0, 0,  , 45, 0,  , 0, 0,  , 
16/10/2018 15:34:58, 12, 0,  , 38841, 0,  , 1, 1, TRUE, 1, 1,  , 0, 0,  , 0, 0,  , 1, 1,  , 147, 0,  , 147, 0,  , 27, 0,  , 146, 0,  , 146, 0,  , 1, 0,  , 2, 0,  , 0, 0,  , 45, 0,  , 0, 0,  , 
16/10/2018 15:34:58, 12, 0,  , 38849, 0,  , 1, 1, TRUE, 1, 1,  , 0, 0,  , 0, 0,  , 1, 1,  , 146, 0,  , 146, 0,  , 27, 0,  , 146, 0,  , 145, 0,  , 1, 0,  , 2, 0,  , 1, 0,  , 45, 0,  , 0, 0,  , 
16/10/2018 15:34:58, 12, 0,  , 38857, 0,  , 1, 1, TRUE, 1, 1,  , 0, 0,  , 0, 0,  , 1, 1,  , 145, 0,  , 146, 0,  , 26, 0,  , 145, 0,  , 145, 0,  , 1, 0,  , 2, 0,  , 0, 0,  , 45, 0,  , 0, 0,  , 
16/10/2018 15:34:59, 12, 0,  , 38865, 0,  , 1, 1, TRUE, 1, 1,  , 0, 0,  , 0, 0,  , 1, 1,  , 146, 0,  , 146, 0,  , 26, 0,  , 145, 0,  , 144, 0,  , 1, 0,  , 2, 0,  , 0, 0,  , 45, 0,  , 0, 0,  , 
16/10/2018 15:34:59, 12, 0,  , 38873, 0,  , 1, 1, TRUE, 1, 1,  , 0, 0,  , 0, 0,  , 1, 1,  , 148, 0,  , 148, 0,  , 26, 0,  , 148, 0,  , 147, 0,  , 1, 0,  , 2, 0,  , 0, 0,  , 45, 0,  , 0, 0,  , 
16/10/2018 15:34:59, 12, 0,  , 38881, 0,  , 1, 1, TRUE, 1, 1,  , 0, 0,  , 0, 0,  , 1, 1,  , 152, 0,  , 151, 0,  , 28, 0,  , 151, 0,  , 150, 0,  , 1, 0,  , 2, 0,  , 1, 0,  , 45, 0,  , 0, 0,  , 
16/10/2018 15:34:59, 12, 0,  , 38889, 0,  , 1, 1, TRUE, 1, 1,  , 0, 0,  , 0, 0,  , 1, 1,  , 154, 0,  , 155, 0,  , 28, 0,  , 154, 0,  , 155, 0,  , 1, 0,  , 2, 0,  , 0, 0,  , 45, 0,  , 0, 0,  , 
16/10/2018 15:35:00, 12, 0,  , 38897, 0,  , 1, 1, TRUE, 1, 1,  , 0, 0,  , 0, 0,  , 1, 1,  , 157, 0,  , 157, 0,  , 28, 0,  , 157, 0,  , 157, 0,  , 1, 0,  , 2, 0,  , 0, 0,  , 45, 0,  , 0, 0,  , 
16/10/2018 15:35:00, 12, 0,  , 38905, 0,  , 1, 1, TRUE, 1, 1,  , 0, 0,  , 0, 0,  , 1, 1,  , 157, 0,  , 157, 0,  , 28, 0,  , 158, 0,  , 158, 0,  , 1, 0,  , 2, 0,  , 0, 0,  , 45, 0,  , 0, 0,  , 
16/10/2018 15:35:00, 12, 0,  , 38913, 0,  , 1, 1, TRUE, 1, 1,  , 0, 0,  , 0, 0,  , 1, 1,  , 157, 0,  , 157, 0,  , 28, 0,  , 156, 0,  , 157, 0,  , 1, 0,  , 2, 0,  , 0, 0,  , 45, 0,  , 0, 0,  , 
16/10/2018 15:35:00, 12, 0,  , 38921, 0,  , 1, 1, TRUE, 1, 1,  , 0, 0,  , 0, 0,  , 1, 1,  , 156, 0,  , 156, 0,  , 28, 0,  , 156, 0,  , 156, 0,  , 1, 0,  , 2, 0,  , 1, 0,  , 45, 0,  , 0, 0,  , 
16/10/2018 15:35:01, 12, 0,  , 38929, 0,  , 1, 1, TRUE, 1, 1,  , 0, 0,  , 0, 0,  , 1, 1,  , 155, 0,  , 155, 0,  , 28, 0,  , 155, 0,  , 154, 0,  , 1, 0,  , 2, 0,  , 0, 0,  , 45, 0,  , 0, 0,  , 
16/10/2018 15:35:01, 12, 0,  , 38937, 0,  , 1, 1, TRUE, 1, 1,  , 0, 0,  , 0, 0,  , 1, 1,  , 155, 0,  , 155, 0,  , 29, 0,  , 154, 0,  , 154, 0,  , 1, 0,  , 2, 0,  , 1, 0,  , 45, 0,  , 0, 0,  , 
16/10/2018 15:35:01, 12, 0,  , 38945, 0,  , 1, 1, TRUE, 1, 1,  , 0, 0,  , 0, 0,  , 1, 1,  , 154, 0,  , 154, 0,  , 29, 0,  , 153, 0,  , 153, 0,  , 1, 0,  , 2, 0,  , 1, 0,  , 45, 0,  , 0, 0,  , 
16/10/2018 15:35:01, 12, 0,  , 38953, 0,  , 1, 1, TRUE, 1, 1,  , 0, 0,  , 0, 0,  , 1, 1,  , 153, 0,  , 154, 0,  , 29, 0,  , 152, 0,  , 152, 0,  , 1, 0,  , 2, 0,  , 1, 0,  , 45, 0,  , 0, 0,  , 
16/10/2018 15:35:02, 12, 0,  , 38961, 0,  , 1, 1, TRUE, 1, 1,  , 0, 0,  , 0, 0,  , 1, 1,  , 152, 0,  , 152, 0,  , 28, 0,  , 151, 0,  , 151, 0,  , 1, 0,  , 2, 0,  , 0, 0,  , 45, 0,  , 0, 0,  , 
16/10/2018 15:35:02, 12, 0,  , 38969, 0,  , 1, 1, TRUE, 1, 1,  , 0, 0,  , 0, 0,  , 1, 1,  , 150, 0,  , 151, 0,  , 28, 0,  , 150, 0,  , 150, 0,  , 1, 0,  , 2, 0,  , 0, 0,  , 45, 0,  , 0, 0,  , 
16/10/2018 15:35:02, 12, 0,  , 38977, 0,  , 1, 1, TRUE, 1, 1,  , 0, 0,  , 0, 0,  , 1, 1,  , 147, 0,  , 147, 0,  , 28, 0,  , 148, 0,  , 148, 0,  , 1, 0,  , 2, 0,  , 0, 0,  , 45, 0,  , 0, 0,  , 
16/10/2018 15:35:03, 12, 0,  , 38985, 0,  , 1, 1, TRUE, 1, 1,  , 0, 0,  , 0, 0,  , 1, 1,  , 144, 0,  , 144, 0,  , 28, 0,  , 145, 0,  , 144, 0,  , 1, 0,  , 2, 0,  , 0, 0,  , 45, 0,  , 0, 0,  , 
16/10/2018 15:35:03, 12, 0,  , 38993, 0,  , 1, 1, TRUE, 1, 1,  , 0, 0,  , 0, 0,  , 1, 1,  , 139, 0,  , 139, 0,  , 27, 0,  , 139, 0,  , 139, 0,  , 1, 0,  , 2, 0,  , 1, 0,  , 45, 0,  , 0, 0,  , 
16/10/2018 15:35:03, 12, 0,  , 39001, 0,  , 1, 1, TRUE, 1, 1,  , 0, 0,  , 0, 0,  , 1, 1,  , 133, 0,  , 133, 0,  , 26, 0,  , 133, 0,  , 132, 0,  , 1, 0,  , 2, 0,  , 1, 0,  , 45, 0,  , 0, 0,  , 
16/10/2018 15:35:03, 12, 0,  , 39009, 0,  , 1, 1, TRUE, 1, 1,  , 0, 0,  , 0, 0,  , 1, 1,  , 125, 0,  , 125, 0,  , 24, 0,  , 125, 0,  , 125, 0,  , 1, 0,  , 2, 0,  , 0, 0,  , 45, 0,  , 0, 0,  , 
16/10/2018 15:35:04, 12, 0,  , 39017, 0,  , 1, 1, TRUE, 1, 1,  , 0, 0,  , 0, 0,  , 1, 1,  , 117, 0,  , 116, 0,  , 22, 0,  , 116, 0,  , 117, 0,  , 1, 0,  , 0, 0,  , 0, 0,  , 45, 0,  , 0, 0,  , 
16/10/2018 15:35:04, 12, 0,  , 39025, 0,  , 1, 1, TRUE, 1, 1,  , 0, 0,  , 0, 0,  , 1, 1,  , 108, 0,  , 108, 0,  , 21, 0,  , 108, 0,  , 108, 0,  , 1, 0,  , 2, 0,  , 0, 0,  , 45, 0,  , 0, 0,  , 
16/10/2018 15:35:04, 12, 0,  , 39033, 0,  , 1, 1, TRUE, 1, 1,  , 0, 0,  , 0, 0,  , 1, 1,  , 100, 0,  , 100, 0,  , 20, 0,  , 99, 0,  , 99, 0,  , 1, 0,  , 2, 0,  , 0, 0,  , 45, 0,  , 0, 0,  , 
16/10/2018 15:35:04, 12, 0,  , 39041, 0,  , 1, 1, TRUE, 1, 1,  , 0, 0,  , 0, 0,  , 1, 1,  , 93, 0,  , 93, 0,  , 18, 0,  , 93, 0,  , 92, 0,  , 1, 0,  , 2, 0,  , 0, 0,  , 45, 0,  , 0, 0,  , 
16/10/2018 15:35:05, 12, 0,  , 39049, 0,  , 1, 1, TRUE, 1, 1,  , 0, 0,  , 0, 0,  , 1, 1,  , 89, 0,  , 89, 0,  , 17, 0,  , 88, 0,  , 88, 0,  , 1, 0,  , 2, 0,  , 0, 0,  , 45, 0,  , 0, 0,  , 
16/10/2018 15:35:05, 12, 0,  , 39057, 0,  , 1, 1, TRUE, 1, 1,  , 0, 0,  , 0, 0,  , 1, 1,  , 90, 0,  , 90, 0,  , 16, 0,  , 89, 0,  , 89, 0,  , 1, 0,  , 2, 0,  , 0, 0,  , 45, 0,  , 0, 0,  , 
16/10/2018 15:35:05, 12, 0,  , 39065, 0,  , 1, 1, TRUE, 1, 1,  , 0, 0,  , 0, 0,  , 1, 1,  , 93, 0,  , 93, 0,  , 17, 0,  , 93, 0,  , 93, 0,  , 1, 0,  , 2, 0,  , 0, 0,  , 45, 0,  , 0, 0,  , 
16/10/2018 15:35:05, 12, 0,  , 39073, 0,  , 1, 1, TRUE, 1, 1,  , 0, 0,  , 0, 0,  , 1, 1,  , 98, 0,  , 97, 0,  , 18, 0,  , 97, 0,  , 98, 0,  , 1, 0,  , 0, 0,  , 0, 0,  , 45, 0,  , 0, 0,  , 
16/10/2018 15:35:06, 12, 0,  , 39081, 0,  , 1, 1, TRUE, 1, 1,  , 0, 0,  , 0, 0,  , 1, 1,  , 102, 0,  , 102, 0,  , 18, 0,  , 102, 0,  , 102, 0,  , 1, 0,  , 2, 0,  , 0, 0,  , 45, 0,  , 0, 0,  , 
16/10/2018 15:35:06, 12, 0,  , 39089, 0,  , 1, 1, TRUE, 1, 1,  , 0, 0,  , 0, 0,  , 1, 1,  , 103, 0,  , 103, 0,  , 19, 0,  , 102, 0,  , 103, 0,  , 1, 0,  , 0, 0,  , 1, 0,  , 45, 0,  , 0, 0,  , 
16/10/2018 15:35:06, 12, 0,  , 39097, 0,  , 1, 1, TRUE, 1, 1,  , 0, 0,  , 0, 0,  , 1, 1,  , 101, 0,  , 102, 0,  , 18, 0,  , 102, 0,  , 101, 0,  , 0, 0,  , 2, 0,  , 0, 0,  , 45, 0,  , 0, 0,  , 
16/10/2018 15:35:06, 12, 0,  , 39105, 0,  , 1, 1, TRUE, 1, 1,  , 0, 0,  , 0, 0,  , 1, 1,  , 101, 0,  , 101, 0,  , 19, 0,  , 101, 0,  , 101, 0,  , 1, 0,  , 2, 0,  , 0, 0,  , 45, 0,  , 0, 0,  , 
16/10/2018 15:35:07, 12, 0,  , 39113, 0,  , 1, 1, TRUE, 1, 1,  , 0, 0,  , 0, 0,  , 1, 1,  , 100, 0,  , 100, 0,  , 19, 0,  , 100, 0,  , 100, 0,  , 1, 0,  , 2, 0,  , 0, 0,  , 45, 0,  , 0, 0,  , 
16/10/2018 15:35:07, 12, 0,  , 39121, 0,  , 1, 1, TRUE, 1, 1,  , 0, 0,  , 0, 0,  , 1, 1,  , 99, 0,  , 99, 0,  , 18, 0,  , 99, 0,  , 99, 0,  , 0, 0,  , 2, 0,  , 0, 0,  , 45, 0,  , 0, 0,  , 
16/10/2018 15:35:07, 12, 0,  , 39129, 0,  , 1, 1, TRUE, 1, 1,  , 0, 0,  , 0, 0,  , 1, 1,  , 98, 0,  , 98, 0,  , 18, 0,  , 98, 0,  , 98, 0,  , 0, 0,  , 2, 0,  , 0, 0,  , 45, 0,  , 0, 0,  , 
16/10/2018 15:35:07, 12, 0,  , 39137, 0,  , 1, 1, TRUE, 1, 1,  , 0, 0,  , 0, 0,  , 1, 1,  , 98, 0,  , 98, 0,  , 18, 0,  , 98, 0,  , 98, 0,  , 0, 0,  , 2, 0,  , 1, 0,  , 45, 0,  , 0, 0,  , 
16/10/2018 15:35:08, 12, 0,  , 39145, 0,  , 1, 1, TRUE, 1, 1,  , 0, 0,  , 0, 0,  , 1, 1,  , 98, 0,  , 98, 0,  , 18, 0,  , 98, 0,  , 97, 0,  , 1, 0,  , 2, 0,  , 0, 0,  , 45, 0,  , 0, 0,  , 
16/10/2018 15:35:08, 12, 0,  , 39153, 0,  , 1, 1, TRUE, 1, 1,  , 0, 0,  , 0, 0,  , 1, 1,  , 97, 0,  , 97, 0,  , 17, 0,  , 96, 0,  , 96, 0,  , 1, 0,  , 2, 0,  , 0, 0,  , 45, 0,  , 0, 0,  , 
16/10/2018 15:35:08, 12, 0,  , 39161, 0,  , 1, 1, TRUE, 1, 1,  , 0, 0,  , 0, 0,  , 1, 1,  , 96, 0,  , 97, 0,  , 18, 0,  , 96, 0,  , 95, 0,  , 1, 0,  , 2, 0,  , 0, 0,  , 45, 0,  , 0, 0,  , 
16/10/2018 15:35:08, 12, 0,  , 39169, 0,  , 1, 1, TRUE, 1, 1,  , 0, 0,  , 0, 0,  , 1, 1,  , 95, 0,  , 96, 0,  , 18, 0,  , 95, 0,  , 95, 0,  , 0, 0,  , 0, 0,  , 0, 0,  , 45, 0,  , 0, 0,  , 
16/10/2018 15:35:09, 12, 0,  , 39177, 0,  , 1, 1, TRUE, 1, 1,  , 0, 0,  , 0, 0,  , 1, 1,  , 96, 0,  , 95, 0,  , 18, 0,  , 94, 0,  , 95, 0,  , 1, 0,  , 0, 0,  , 0, 0,  , 45, 0,  , 0, 0,  , 
16/10/2018 15:35:09, 12, 0,  , 39185, 0,  , 1, 1, TRUE, 1, 1,  , 0, 0,  , 0, 0,  , 1, 1,  , 95, 0,  , 94, 0,  , 18, 0,  , 94, 0,  , 93, 0,  , 1, 0,  , 2, 0,  , 1, 0,  , 45, 0,  , 0, 0,  , 
16/10/2018 15:35:09, 12, 0,  , 39193, 0,  , 1, 1, TRUE, 1, 1,  , 0, 0,  , 0, 0,  , 1, 1,  , 94, 0,  , 94, 0,  , 17, 0,  , 94, 0,  , 93, 0,  , 0, 0,  , 2, 0,  , 0, 0,  , 45, 0,  , 0, 0,  , 
16/10/2018 15:35:09, 12, 0,  , 39201, 0,  , 1, 1, TRUE, 1, 1,  , 0, 0,  , 0, 0,  , 1, 1,  , 93, 0,  , 94, 0,  , 18, 0,  , 93, 0,  , 93, 0,  , 1, 0,  , 2, 0,  , 0, 0,  , 45, 0,  , 0, 0,  , 
16/10/2018 15:35:10, 12, 0,  , 39209, 0,  , 1, 1, TRUE, 1, 1,  , 0, 0,  , 0, 0,  , 1, 1,  , 93, 0,  , 92, 0,  , 17, 0,  , 92, 0,  , 92, 0,  , 1, 0,  , 2, 0,  , 0, 0,  , 45, 0,  , 0, 0,  , 
16/10/2018 15:35:10, 12, 0,  , 39217, 0,  , 1, 1, TRUE, 1, 1,  , 0, 0,  , 0, 0,  , 1, 1,  , 92, 0,  , 92, 0,  , 17, 0,  , 93, 0,  , 92, 0,  , 1, 0,  , 2, 0,  , 0, 0,  , 45, 0,  , 0, 0,  , 
16/10/2018 15:35:10, 12, 0,  , 39225, 0,  , 1, 1, TRUE, 1, 1,  , 0, 0,  , 0, 0,  , 1, 1,  , 91, 0,  , 92, 0,  , 17, 0,  , 92, 0,  , 92, 0,  , 1, 0,  , 2, 0,  , 1, 0,  , 45, 0,  , 0, 0,  , 
16/10/2018 15:35:11, 12, 0,  , 39233, 0,  , 1, 1, TRUE, 1, 1,  , 0, 0,  , 0, 0,  , 1, 1,  , 91, 0,  , 91, 0,  , 17, 0,  , 91, 0,  , 91, 0,  , 1, 0,  , 2, 0,  , 0, 0,  , 45, 0,  , 0, 0,  , 
16/10/2018 15:35:11, 12, 0,  , 39241, 0,  , 1, 1, TRUE, 1, 1,  , 0, 0,  , 0, 0,  , 1, 1,  , 90, 0,  , 90, 0,  , 17, 0,  , 91, 0,  , 91, 0,  , 1, 0,  , 2, 0,  , 0, 0,  , 45, 0,  , 0, 0,  , 
16/10/2018 15:35:11, 12, 0,  , 39249, 0,  , 1, 1, TRUE, 1, 1,  , 0, 0,  , 0, 0,  , 1, 1,  , 90, 0,  , 90, 0,  , 16, 0,  , 90, 0,  , 90, 0,  , 1, 0,  , 2, 0,  , 0, 0,  , 45, 0,  , 0, 0,  , 
16/10/2018 15:35:11, 12, 0,  , 39257, 0,  , 1, 1, TRUE, 1, 1,  , 0, 0,  , 0, 0,  , 1, 1,  , 90, 0,  , 89, 0,  , 16, 0,  , 89, 0,  , 90, 0,  , 1, 0,  , 0, 0,  , 0, 0,  , 45, 0,  , 0, 0,  , 
16/10/2018 15:35:11, 12, 0,  , 39265, 0,  , 1, 1, TRUE, 1, 1,  , 0, 0,  , 0, 0,  , 1, 1,  , 89, 0,  , 89, 0,  , 17, 0,  , 89, 0,  , 89, 0,  , 1, 0,  , 2, 0,  , 0, 0,  , 45, 0,  , 0, 0,  , 
16/10/2018 15:35:12, 12, 0,  , 39273, 0,  , 1, 1, TRUE, 1, 1,  , 0, 0,  , 0, 0,  , 1, 1,  , 89, 0,  , 89, 0,  , 16, 0,  , 89, 0,  , 89, 0,  , 1, 0,  , 2, 0,  , 0, 0,  , 45, 0,  , 0, 0,  , 
16/10/2018 15:35:12, 12, 0,  , 39281, 0,  , 1, 1, TRUE, 1, 1,  , 0, 0,  , 0, 0,  , 1, 1,  , 89, 0,  , 88, 0,  , 16, 0,  , 88, 0,  , 89, 0,  , 1, 0,  , 0, 0,  , 0, 0,  , 45, 0,  , 0, 0,  , 
16/10/2018 15:35:12, 12, 0,  , 39289, 0,  , 1, 1, TRUE, 1, 1,  , 0, 0,  , 0, 0,  , 1, 1,  , 88, 0,  , 89, 0,  , 16, 0,  , 89, 0,  , 88, 0,  , 0, 0,  , 2, 0,  , 0, 0,  , 45, 0,  , 0, 0,  , 
16/10/2018 15:35:13, 12, 0,  , 39297, 0,  , 1, 1, TRUE, 1, 1,  , 0, 0,  , 0, 0,  , 1, 1,  , 89, 0,  , 88, 0,  , 16, 0,  , 88, 0,  , 88, 0,  , 1, 0,  , 2, 0,  , 0, 0,  , 45, 0,  , 0, 0,  , 
16/10/2018 15:35:13, 12, 0,  , 39305, 0,  , 1, 1, TRUE, 1, 1,  , 0, 0,  , 0, 0,  , 1, 1,  , 88, 0,  , 88, 0,  , 17, 0,  , 87, 0,  , 88, 0,  , 1, 0,  , 0, 0,  , 0, 0,  , 45, 0,  , 0, 0,  , 
16/10/2018 15:35:13, 12, 0,  , 39313, 0,  , 1, 1, TRUE, 1, 1,  , 0, 0,  , 0, 0,  , 1, 1,  , 87, 0,  , 87, 0,  , 17, 0,  , 87, 0,  , 87, 0,  , 1, 0,  , 0, 0,  , 0, 0,  , 45, 0,  , 0, 0,  , 
16/10/2018 15:35:13, 12, 0,  , 39321, 0,  , 1, 1, TRUE, 1, 1,  , 0, 0,  , 0, 0,  , 1, 1,  , 87, 0,  , 87, 0,  , 16, 0,  , 86, 0,  , 87, 0,  , 0, 0,  , 0, 0,  , 0, 0,  , 45, 0,  , 0, 0,  , 
16/10/2018 15:35:14, 12, 0,  , 39329, 0,  , 1, 1, TRUE, 1, 1,  , 0, 0,  , 0, 0,  , 1, 1,  , 86, 0,  , 86, 0,  , 16, 0,  , 86, 0,  , 86, 0,  , 1, 0,  , 0, 0,  , 0, 0,  , 45, 0,  , 0, 0,  , 
16/10/2018 15:35:14, 12, 0,  , 39337, 0,  , 1, 1, TRUE, 1, 1,  , 0, 0,  , 0, 0,  , 1, 1,  , 86, 0,  , 86, 0,  , 16, 0,  , 86, 0,  , 85, 0,  , 1, 0,  , 2, 0,  , 0, 0,  , 45, 0,  , 0, 0,  , 
16/10/2018 15:35:14, 12, 0,  , 39345, 0,  , 1, 1, TRUE, 1, 1,  , 0, 0,  , 0, 0,  , 1, 1,  , 86, 0,  , 85, 0,  , 16, 0,  , 86, 0,  , 85, 0,  , 1, 0,  , 2, 0,  , 0, 0,  , 45, 0,  , 0, 0,  , 
16/10/2018 15:35:14, 12, 0,  , 39353, 0,  , 1, 1, TRUE, 1, 1,  , 0, 0,  , 0, 0,  , 1, 1,  , 85, 0,  , 85, 0,  , 16, 0,  , 85, 0,  , 84, 0,  , 1, 0,  , 0, 0,  , 0, 0,  , 45, 0,  , 0, 0,  , 
16/10/2018 15:35:15, 12, 0,  , 39361, 0,  , 1, 1, TRUE, 1, 1,  , 0, 0,  , 0, 0,  , 1, 1,  , 85, 0,  , 84, 0,  , 16, 0,  , 85, 0,  , 84, 0,  , 1, 0,  , 2, 0,  , 0, 0,  , 45, 0,  , 0, 0,  , 
16/10/2018 15:35:15, 12, 0,  , 39369, 0,  , 1, 1, TRUE, 1, 1,  , 0, 0,  , 0, 0,  , 1, 1,  , 84, 0,  , 84, 0,  , 16, 0,  , 84, 0,  , 84, 0,  , 1, 0,  , 0, 0,  , 0, 0,  , 45, 0,  , 0, 0,  , 
16/10/2018 15:35:15, 12, 0,  , 39377, 0,  , 1, 1, TRUE, 1, 1,  , 0, 0,  , 0, 0,  , 1, 1,  , 83, 0,  , 84, 0,  , 16, 0,  , 84, 0,  , 84, 0,  , 0, 0,  , 2, 0,  , 0, 0,  , 45, 0,  , 0, 0,  , 
16/10/2018 15:35:15, 12, 0,  , 39385, 0,  , 1, 1, TRUE, 1, 1,  , 0, 0,  , 0, 0,  , 1, 1,  , 83, 0,  , 83, 0,  , 13, 0,  , 84, 0,  , 83, 0,  , 0, 0,  , 2, 0,  , 0, 0,  , 45, 0,  , 0, 0,  , 
16/10/2018 15:35:16, 12, 0,  , 39393, 0,  , 1, 1, TRUE, 1, 1,  , 0, 0,  , 0, 0,  , 1, 1,  , 83, 0,  , 83, 0,  , 10, 0,  , 83, 0,  , 83, 0,  , 1, 0,  , 0, 0,  , 0, 0,  , 45, 0,  , 0, 0,  , 
16/10/2018 15:35:16, 12, 0,  , 39401, 0,  , 1, 1, TRUE, 1, 1,  , 0, 0,  , 0, 0,  , 1, 1,  , 83, 0,  , 83, 0,  , 10, 0,  , 83, 0,  , 84, 0,  , 1, 0,  , 0, 0,  , 0, 0,  , 45, 0,  , 0, 0,  , 
16/10/2018 15:35:16, 12, 0,  , 39409, 0,  , 1, 1, TRUE, 1, 1,  , 0, 0,  , 0, 0,  , 1, 1,  , 83, 0,  , 83, 0,  , 10, 0,  , 83, 0,  , 83, 0,  , 1, 0,  , 2, 0,  , 0, 0,  , 45, 0,  , 0, 0,  , 
16/10/2018 15:35:16, 12, 0,  , 39417, 0,  , 1, 1, TRUE, 1, 1,  , 0, 0,  , 0, 0,  , 1, 1,  , 83, 0,  , 83, 0,  , 13, 0,  , 83, 0,  , 83, 0,  , 1, 0,  , 2, 0,  , 0, 0,  , 45, 0,  , 0, 0,  , 
16/10/2018 15:35:17, 12, 0,  , 39425, 0,  , 1, 1, TRUE, 1, 1,  , 0, 0,  , 0, 0,  , 1, 1,  , 82, 0,  , 83, 0,  , 16, 0,  , 82, 0,  , 83, 0,  , 1, 0,  , 0, 0,  , 0, 0,  , 45, 0,  , 0, 0,  , 
16/10/2018 15:35:17, 12, 0,  , 39433, 0,  , 1, 1, TRUE, 1, 1,  , 0, 0,  , 0, 0,  , 1, 1,  , 82, 0,  , 81, 0,  , 16, 0,  , 82, 0,  , 81, 0,  , 1, 0,  , 2, 0,  , 0, 0,  , 45, 0,  , 0, 0,  , 
16/10/2018 15:35:17, 12, 0,  , 39441, 0,  , 1, 1, TRUE, 1, 1,  , 0, 0,  , 0, 0,  , 1, 1,  , 81, 0,  , 81, 0,  , 15, 0,  , 82, 0,  , 81, 0,  , 0, 0,  , 2, 0,  , 0, 0,  , 45, 0,  , 0, 0,  , 
16/10/2018 15:35:17, 12, 0,  , 39449, 0,  , 1, 1, TRUE, 1, 1,  , 0, 0,  , 0, 0,  , 1, 1,  , 81, 0,  , 81, 0,  , 16, 0,  , 81, 0,  , 81, 0,  , 1, 0,  , 0, 0,  , 0, 0,  , 45, 0,  , 0, 0,  , 
16/10/2018 15:35:18, 12, 0,  , 39457, 0,  , 1, 1, TRUE, 1, 1,  , 0, 0,  , 0, 0,  , 1, 1,  , 81, 0,  , 80, 0,  , 12, 0,  , 81, 0,  , 80, 0,  , 1, 0,  , 2, 0,  , 0, 0,  , 45, 0,  , 0, 0,  , 
16/10/2018 15:35:18, 12, 0,  , 39465, 0,  , 1, 1, TRUE, 1, 1,  , 0, 0,  , 0, 0,  , 1, 1,  , 80, 0,  , 81, 0,  , 10, 0,  , 80, 0,  , 80, 0,  , 1, 0,  , 0, 0,  , 0, 0,  , 45, 0,  , 0, 0,  , 
16/10/2018 15:35:18, 12, 0,  , 39473, 0,  , 1, 1, TRUE, 1, 1,  , 0, 0,  , 0, 0,  , 1, 1,  , 80, 0,  , 80, 0,  , 10, 0,  , 80, 0,  , 80, 0,  , 0, 0,  , 2, 0,  , 0, 0,  , 45, 0,  , 0, 0,  , 
16/10/2018 15:35:18, 12, 0,  , 39481, 0,  , 1, 1, TRUE, 1, 1,  , 0, 0,  , 0, 0,  , 1, 1,  , 80, 0,  , 79, 0,  , 10, 0,  , 80, 0,  , 79, 0,  , 1, 0,  , 2, 0,  , 0, 0,  , 45, 0,  , 0, 0,  , 
16/10/2018 15:35:19, 12, 0,  , 39489, 0,  , 1, 1, TRUE, 1, 1,  , 0, 0,  , 0, 0,  , 1, 1,  , 78, 0,  , 79, 0,  , 12, 0,  , 78, 0,  , 79, 0,  , 1, 0,  , 0, 0,  , 0, 0,  , 45, 0,  , 0, 0,  , 
16/10/2018 15:35:19, 12, 0,  , 39497, 0,  , 1, 1, TRUE, 1, 1,  , 0, 0,  , 0, 0,  , 1, 1,  , 76, 0,  , 76, 0,  , 10, 0,  , 76, 0,  , 77, 0,  , 1, 0,  , 0, 0,  , 0, 0,  , 45, 0,  , 0, 0,  , 
16/10/2018 15:35:19, 12, 0,  , 39505, 0,  , 1, 1, TRUE, 1, 1,  , 0, 0,  , 0, 0,  , 1, 1,  , 71, 0,  , 71, 0,  , 7, 0,  , 72, 0,  , 71, 0,  , 0, 0,  , 2, 0,  , 0, 0,  , 45, 0,  , 0, 0,  , 
16/10/2018 15:35:19, 12, 0,  , 39513, 0,  , 1, 1, TRUE, 1, 1,  , 0, 0,  , 0, 0,  , 1, 1,  , 63, 0,  , 63, 0,  , 3, 0,  , 63, 0,  , 63, 0,  , 0, 0,  , 2, 0,  , 0, 0,  , 45, 0,  , 0, 0,  , 
16/10/2018 15:35:20, 12, 0,  , 39521, 0,  , 1, 1, TRUE, 1, 1,  , 0, 0,  , 0, 0,  , 1, 1,  , 50, 0,  , 50, 0,  , 1, 0,  , 51, 0,  , 51, 0,  , 0, 0,  , 0, 0,  , 0, 0,  , 45, 0,  , 0, 0,  , 
16/10/2018 15:35:20, 12, 0,  , 39529, 0,  , 1, 1, TRUE, 1, 1,  , 0, 0,  , 0, 0,  , 1, 1,  , 36, 0,  , 36, 0,  , 2, 0,  , 36, 0,  , 36, 0,  , 1, 0,  , 0, 0,  , 0, 0,  , 45, 0,  , 0, 0,  , 
16/10/2018 15:35:20, 12, 0,  , 39537, 0,  , 1, 1, TRUE, 1, 1,  , 0, 0,  , 0, 0,  , 1, 1,  , 22, 0,  , 21, 0,  , 1, 0,  , 21, 0,  , 23, 0,  , 0, 0,  , 0, 0,  , 0, 0,  , 45, 0,  , 0, 0,  , 
16/10/2018 15:35:20, 12, 0,  , 39545, 0,  , 1, 1, TRUE, 1, 1,  , 0, 0,  , 0, 0,  , 1, 1,  , 10, 0,  , 9, 0,  , 1, 0,  , 10, 0,  , 11, 0,  , 0, 0,  , 0, 0,  , 0, 0,  , 45, 0,  , 0, 0,  , 
16/10/2018 15:35:21, 12, 0,  , 39553, 0,  , 1, 1, TRUE, 1, 1,  , 0, 0,  , 0, 0,  , 1, 1,  , 3, 0,  , 2, 0,  , 2, 0,  , 2, 0,  , 4, 0,  , 0, 0,  , 0, 0,  , 0, 0,  , 45, 0,  , 0, 0,  , 
16/10/2018 15:35:21, 12, 0,  , 39561, 0,  , 1, 1, TRUE, 1, 1,  , 0, 0,  , 0, 0,  , 1, 1,  , 0, 0,  , 0, 0,  , 1, 0,  , 0, 0,  , 1, 0,  , 0, 0,  , 0, 0,  , 0, 0,  , 45, 0,  , 0, 0,  , 
16/10/2018 15:35:21, 12, 0,  , 39569, 0,  , 1, 1, TRUE, 1, 1,  , 0, 0,  , 0, 0,  , 1, 1,  , 0, 0,  , 0, 0,  , 1, 0,  , 0, 0,  , 0, 0,  , 0, 0,  , 0, 0,  , 0, 0,  , 45, 0,  , 0, 0,  , 
16/10/2018 15:35:22, 12, 0,  , 39577, 0,  , 1, 1, TRUE, 1, 1,  , 0, 0,  , 0, 0,  , 1, 1,  , 0, 0,  , 0, 0,  , 2, 0,  , 0, 0,  , 0, 0,  , 0, 0,  , 0, 0,  , 1, 0,  , 45, 0,  , 0, 0,  , 
16/10/2018 15:35:22, 12, 0,  , 39585, 0,  , 1, 1, TRUE, 1, 1,  , 0, 0,  , 0, 0,  , 1, 1,  , 0, 0,  , 0, 0,  , 1, 0,  , 0, 0,  , 0, 0,  , 0, 0,  , 0, 0,  , 0, 0,  , 45, 0,  , 0, 0,  , 
16/10/2018 15:35:22, 12, 0,  , 39593, 0,  , 1, 1, TRUE, 1, 1,  , 0, 0,  , 0, 0,  , 1, 1,  , 0, 0,  , 0, 0,  , 1, 0,  , 0, 0,  , 0, 0,  , 0, 0,  , 0, 0,  , 0, 0,  , 45, 0,  , 0, 0,  , 
16/10/2018 15:35:22, 12, 0,  , 39601, 0,  , 1, 1, TRUE, 1, 1,  , 0, 0,  , 0, 0,  , 0, 0,  , 0, 0,  , 0, 0,  , 1, 0,  , 0, 0,  , 0, 0,  , 0, 0,  , 0, 0,  , 0, 0,  , 45, 0,  , 0, 0,  , 
16/10/2018 15:35:23, 12, 0,  , 39609, 0,  , 1, 1, TRUE, 1, 1,  , 0, 0,  , 0, 0,  , 0, 0,  , 0, 0,  , 0, 0,  , 1, 0,  , 0, 0,  , 0, 0,  , 0, 0,  , 0, 0,  , 0, 0,  , 45, 0,  , 0, 0,  , 
